<exporter>
	<name>lime</name>
	<displayName>Lime + Corona (Lua)</displayName>
    <description>Exporter for Lime + Corona(R) SDK, lua</description>
	<version>1.0</version>
	<yAxisDirection>down</yAxisDirection>
	<physicsEngine>box2d</physicsEngine>
	<template>lime.lua</template>
	<fileExtension>lua</fileExtension>
	<anchorPoint>
		<enabled>no</enabled>
	</anchorPoint>
	<origin>
        <type>fixed</type>
	    <relX>0.0</relX>
		<relY>1.0</relY>
    </origin>
	<body>
	</body>
	<global>
	</global>
	<body>
	</body>
	<fixture>
		<parameter>
			<name>density</name>
			<displayName>Density</displayName>
			<type>float</type>
			<min>-1000</min>
			<max>1000</max>
			<default>2.0</default>
		</parameter>
		<parameter>
			<name>bounce</name>
			<displayName>Bounce</displayName>
			<type>float</type>
			<min>0</min>
			<max>1000</max>
			<default>0.0</default>
		</parameter>
		<parameter>
			<name>friction</name>
			<displayName>Friction</displayName>
			<type>float</type>
			<min>0</min>
			<max>1000</max>
			<default>0.0</default>
		</parameter>
        <parameter>
            <name>isSensor</name>
            <displayName>Is Sensor</displayName>
            <description>If set the physial </description>
            <type>bool</type>
            <default>false</default>
        </parameter>
    </fixture>
</exporter>

